x_utm43n,y_utm43n
698424.56,1108493.08
697563.43,1109117.23
702251.39,1107522.79
705772.76,1105443.67
705781.71,1105295.31
706006.92,1105417.41
707898.73,1104606.74
707987.31,1104665.85
708104.86,1104777.17
708768.54,1104022.72
709228.05,1103727.2
710621.65,1103135.21
710846.41,1102502.08
711031.44,1102582.33
710981.59,1102450.35
712236.27,1102969.83
712246.73,1102175.37
712362.06,1102101.45
712394.24,1102075.59
712435.44,1102036.6
712570.08,1101975.8
712712.68,1101968.72
712422.18,1101882.04
715934.21,1102764.41
712230.93,1101209.66
712400.48,1101266.13
711375.98,1099194.56
715676.54,1098143.3
715700.87,1098097.82
716469.35,1097849.36
717448.94,1098092.5
717531.81,1098150.81
719017.37,1101964.95
721203.57,1101650.81
710427.57,1113128.36
710545.54,1112932.24
710682.48,1112989.15
708928.94,1114447.5
707724.21,1115988.59
707222.67,1115343.61
707528.37,1115059.58
707458.9,1115102.98
707648.76,1114535.05
705930.71,1113137.22
706530.25,1112865.79
706595.68,1112871.55
707716.94,1112598.45
707671.06,1112644.4
707595.51,1112672.46
707579.89,1112715.32
707795.33,1112562.59
707768.57,1112581.52
707134.46,1111969.93
707209.79,1111949.73
706686.1,1112337.84
703882.26,1112075.69
704135.58,1112135.24
704255.61,1112120.76
704340.16,1112136.76
704331.47,1110217.64
703913.89,1110809.64
703968.56,1110805.92
707017.87,1108068.48
706944.42,1107927.42
706137.07,1089863.66
706350.9,1089979.16
707101.13,1089826.46
707184.3,1090003.34
706711.71,1089483.02
707648.54,1090305.33
707355.81,1089615.96
707209.1,1089650.95
705354.97,1091731.97
723858.41,1096337.78
698935.67,1108662.5
698571.58,1108408.9
698200.59,1108662.4
715373.03,1094665.01
726992.33,1115651.87
726783.04,1115612.54
727085.7,1115597.24
727121.6,1115579.68
738879.68,1112434.48
739015.86,1112366.96
738061.34,1107963.98
738181.87,1108290.47
738306.71,1107202.83
700681.89,1111777.81
720432.64,1106227.31
726119.07,1102644.65
713560.99,1091489.7
710855.86,1106068.23
711630.82,1111778.22
713014.98,1112006.38
698676.61,1112106.01
708617.54,1112415.36
710413.41,1112785.27
710399.42,1112870.98
710332.33,1113185.59
710275.95,1113283.88
710320.17,1113248.04
710054.55,1116154.27
709907.26,1116334.1
717136.82,1122115.48
710965.77,1115487.51
706804.84,1089768.97
707259.27,1090778.62
713180.44,1090934.38
708601.86,1092395.86
713013.06,1092940.68
708180.9,1093357.53
705718.9,1094811.86
712526.18,1095674.25
738161.0,1108321.36
738295.92,1107048.86
738375.04,1107148.13
738389.67,1107127.56
722275.53,1115945.74
723895.7,1119241.16
711440.12,1099226.71
720468.72,1097340.57
720196.6,1097606.52
719810.52,1097694.12
718497.62,1098165.41
718435.62,1098241.92
711038.77,1112927.12
711833.64,1112862.16
710503.37,1106986.42
706147.56,1105338.43
715459.12,1100601.78
711100.23,1100335.72
719304.43,1097750.59
706401.19,1092821.79
706022.46,1092051.88
712087.73,1098086.15
718319.07,1106701.86
710854.0,1102820.69
723222.63,1101325.69
750539.71,1036810.57
752877.4,1033889.17
753491.44,1034010.1
752474.9,1034036.85
751792.01,1033582.14
752480.66,1032244.73
751746.23,1032168.3
752620.05,1031767.5
749769.76,1032487.3
749510.0,1032659.53
748747.38,1032611.59
747542.92,1030069.96
748443.58,1028740.43
748416.01,1028653.41
748128.35,1028732.29
747936.49,1038970.45
754221.41,1039744.8
707351.04,1112840.83
707700.53,1112632.15
738648.76,1124241.22
720394.33,1121368.8
717096.93,1116186.01
720276.57,1121184.21
717623.24,1114142.43
717638.65,1114126.12
718631.86,1111493.91
707669.57,1115460.56
719966.88,1100271.37
733894.12,1089803.27
740225.24,1092039.33
741479.83,1097774.99
739039.84,1098450.83
705923.98,1076917.01
708644.75,1074357.69
706004.64,1077188.72
715159.19,1065944.8
717189.39,1061874.77
717380.29,1061512.83
717476.06,1061410.5
717632.91,1061248.92
717556.85,1061310.02
717547.35,1061371.47
713301.87,1058024.75
719209.23,1052305.11
719234.81,1052293.66
719013.45,1052153.1
719419.88,1051980.01
719439.54,1051985.29
719002.63,1051883.25
717191.48,1052531.31
717533.45,1054774.59
719264.35,1056702.35
719156.43,1056636.87
718476.84,1056887.91
717920.27,1057058.74
725270.76,1054513.63
730903.64,1072435.58
728950.11,1070930.86
728920.97,1070961.46
727383.34,1070241.3
734507.87,1084319.22
733352.72,1093703.04
730679.66,1088381.22
730737.33,1088335.67
728790.39,1092034.56
728615.9,1092039.9
728624.21,1092250.69
728569.3,1092261.41
728136.19,1091899.73
730349.09,1085891.26
729219.88,1089615.36
729347.88,1089521.92
729185.06,1089444.56
729383.81,1089450.32
729169.97,1088934.08
729544.28,1089328.38
729589.54,1089269.86
727060.86,1089486.21
735391.65,1104590.27
713334.65,1092108.37
726990.3,1094463.22
726819.42,1094473.73
727626.21,1094242.98
715487.87,1099982.87
727597.55,1094265.19
715221.29,1100245.35
715190.06,1100301.71
712532.17,1102017.68
712618.68,1101719.09
713700.13,1100706.24
716433.91,1095955.03
715819.28,1096039.31
715561.74,1096148.25
714860.51,1089730.49
714814.13,1089779.15
712043.9,1095840.05
714191.42,1092340.44
714173.21,1094134.62
710171.87,1097434.16
710197.82,1097414.66
710204.31,1097356.13
707324.18,1098775.08
712138.73,1095867.1
711453.97,1096217.08
712339.05,1095653.62
712164.29,1088352.56
713246.93,1095234.19
712002.16,1088436.2
713771.33,1089772.28
711496.72,1092035.08
712950.71,1091469.15
713708.15,1089842.5
706228.25,1091719.19
712978.34,1093414.02
712445.31,1092761.75
712256.15,1093026.84
711006.26,1087424.79
709067.1,1090644.07
709341.89,1090325.18
710144.16,1085970.52
710069.07,1086918.32
708389.78,1085462.93
708355.66,1085476.21
704630.1,1090243.41
708080.86,1092770.28
704682.33,1090306.93
708337.28,1092265.08
709060.56,1090907.65
707468.16,1089405.21
710751.06,1117108.53
707165.1,1089712.23
756699.45,1047704.07
706997.12,1089875.64
759919.74,1045522.08
706185.16,1089859.4
706338.16,1090109.58
707228.21,1079149.66
707022.19,1089416.1
706851.4,1089660.6
715395.41,1066098.26
706873.36,1088941.98
707234.08,1077154.66
708125.85,1076847.66
717216.43,1082362.55
714325.9,1058617.62
713930.46,1058859.92
713916.17,1058845.81
736729.25,1047794.19
756375.34,1047753.01
718738.55,1105125.65
717287.21,1120858.91
709903.85,1117884.57
717158.37,1121015.5
709542.44,1117743.48
717124.83,1121053.37
747865.49,1128390.41
720012.96,1119570.87
722943.43,1119762.85
710214.13,1118202.3
724081.78,1119128.4
735849.73,1110355.55
736122.19,1110393.42
735846.8,1110207.22
722765.83,1119290.74
739319.64,1105999.41
712188.33,1118347.91
709363.68,1114317.48
711062.99,1113827.82
709844.95,1115149.45
710837.32,1116641.49
710284.42,1115437.74
711171.23,1115817.87
710749.65,1116958.81
710346.01,1117505.82
710207.82,1117548.53
715741.1,1115789.56
715779.59,1115716.9
720263.14,1115068.36
721413.74,1114529.18
721424.62,1114522.51
722017.8,1114942.25
722087.08,1115030.66
722028.15,1115057.38
721967.71,1115089.3
721954.84,1115093.88
720142.5,1114870.71
720124.22,1114829.77
718932.7,1115641.78
720230.13,1115062.8
719034.41,1114404.97
719121.52,1114202.22
719725.46,1114026.26
719693.68,1114061.67
719465.48,1114227.19
729741.76,1109621.06
729429.91,1109537.16
729397.83,1109578.68
729352.39,1109631.04
729171.69,1109663.8
722714.69,1107987.31
715123.57,1108979.48
708714.78,1089626.64
709690.78,1087443.07
708067.87,1092408.63
726065.06,1105316.71
727734.18,1106061.7
727834.48,1105955.76
725630.55,1105571.84
709896.39,1087046.57
733057.29,1094718.81
733108.9,1094788.28
732561.24,1093610.03
732053.85,1090505.66
732015.12,1090387.59
731968.61,1090420.7
739779.27,1121505.57
711598.03,1104514.92
712076.77,1104259.79
712002.68,1104254.84
714302.32,1102274.74
715444.28,1102929.07
716162.62,1101311.31
709111.54,1102216.04
720341.45,1099777.42
719418.33,1100325.04
716082.63,1096754.53
717346.21,1098033.23
717306.99,1097838.48
717353.73,1097930.38
726776.34,1100685.32
730641.94,1097352.5
719556.91,1097501.8
716071.07,1098008.41
717255.41,1097706.5
732248.8,1089856.26
733371.91,1135845.4
732733.49,1135511.8
732695.97,1135458.64
732807.85,1135702.79
733683.3,1137412.79
733866.01,1137577.35
733118.59,1131374.68
733371.88,1131173.57
727463.52,1136738.05
727710.14,1136641.89
726667.61,1136627.96
728466.05,1134394.51
729645.94,1124024.31
721224.98,1124177.68
721237.14,1124190.34
720766.69,1122910.68
720324.16,1123044.39
719492.2,1122780.63
718659.2,1123123.84
717209.8,1118988.47
717391.24,1118605.33
717808.8,1118529.22
717387.43,1122375.45
716960.39,1121632.09
717879.81,1121481.96
729968.4,1120857.83
729536.6,1121270.51
729812.67,1119973.02
729949.53,1120024.28
728579.97,1120403.94
728650.55,1120611.27
727668.06,1120006.92
727645.36,1120003.68
727366.97,1119924.16
727398.12,1120003.97
727800.37,1119907.16
727078.89,1119975.72
727188.85,1119976.9
727444.71,1120376.51
727937.04,1119974.01
728384.29,1118977.33
723914.79,1117302.14
722196.11,1117787.33
722099.67,1117829.08
722015.21,1118392.58
729330.13,1117356.73
729735.68,1117337.76
730891.85,1125009.35
731978.51,1128941.79
732799.72,1129338.91
730515.02,1126485.06
730664.57,1126351.05
733622.68,1132711.09
732551.79,1128455.22
731472.1,1123044.78
734240.26,1135427.94
733097.1,1132816.38
733519.1,1133734.52
734786.12,1135260.12
734525.62,1135058.29
747439.88,1126053.46
731021.62,1126477.02
731878.2,1127434.72
731034.12,1126398.58
731103.78,1126444.55
739955.77,1121478.44
739997.32,1121470.12
728128.79,1122753.05
730622.7,1125042.19
730172.04,1122117.79
730225.53,1122088.86
731106.79,1122689.15
711100.97,1125513.31
715546.07,1114786.2
719643.52,1121056.66
715091.66,1119635.63
721458.97,1123776.09
717734.93,1120893.08
717077.87,1122202.43
712579.84,1117513.03
713908.28,1118881.63
713980.43,1124044.02
720364.21,1115067.07
712188.65,1118573.0
720468.49,1115125.22
719807.26,1124337.74
712132.3,1119236.6
711655.39,1120254.2
715248.58,1119516.91
711913.63,1118693.72
719684.22,1121069.41
719506.25,1120954.36
732280.26,1125958.76
722457.84,1124347.95
733151.7,1125351.55
726532.62,1121917.77
726544.92,1121936.31
726787.15,1122230.7
725258.62,1122380.51
724607.04,1120740.0
723185.53,1120492.38
721615.08,1120814.73
725273.29,1120439.36
727145.33,1122728.14
712584.69,1121555.19
709858.1,1120525.93
710908.48,1116578.89
710332.61,1119704.43
710806.68,1121230.44
710277.86,1118797.31
710279.52,1118071.6
711277.94,1116969.36
711290.91,1117196.52
722210.49,1121972.32
722116.75,1121943.68
725704.31,1121331.48
725728.83,1121301.11
725786.4,1119912.64
725831.63,1119777.37
725180.71,1120113.26
725731.44,1121318.49
726494.75,1121386.5
715413.81,1107532.16
715158.94,1108963.31
715917.9,1113249.31
708335.79,1120274.63
718762.54,1111778.85
707180.62,1117701.2
711655.75,1114982.87
710056.87,1111627.81
710627.05,1111408.19
710517.08,1111369.67
710203.89,1115980.51
712121.12,1110764.05
715044.15,1109009.36
715266.95,1107884.34
715233.42,1107894.44
717117.23,1112088.48
709831.96,1111973.91
709844.02,1111815.38
712097.93,1112041.28
704743.45,1109934.6
708469.6,1111559.96
724880.51,1112389.2
724157.19,1111127.12
723584.12,1110819.91
712541.88,1111795.72
712490.76,1111736.1
713546.43,1112062.74
726646.47,1111793.58
708885.5,1112353.43
709969.85,1111844.82
711182.17,1111828.58
709482.15,1111767.56
711212.13,1111804.68
711121.32,1111828.98
712845.23,1115873.51
709669.92,1117769.63
703184.52,1110676.99
710117.53,1116495.13
711118.39,1112583.46
711238.55,1112515.96
710711.58,1112250.72
708427.81,1110158.36
722488.36,1110101.1
707749.91,1111215.78
724056.6,1110930.41
723630.3,1110853.0
724812.75,1112236.26
707117.19,1109412.82
708334.48,1109430.99
708249.76,1109480.28
708334.92,1109354.66
708265.0,1109311.12
709623.77,1109601.04
709817.81,1108709.85
709851.0,1108620.0
712672.01,1109449.69
714887.4,1107527.93
715344.54,1107365.82
715321.48,1107371.21
715371.92,1107371.51
715414.69,1107369.56
715313.57,1107593.53
715369.93,1105816.94
715285.57,1107324.53
715466.23,1107283.52
700646.63,1112709.31
707083.0,1110839.77
708358.06,1111039.62
709595.71,1110697.23
709649.55,1110677.63
709438.21,1110631.04
710437.95,1110530.86
710889.71,1110749.65
709775.79,1110651.81
713050.18,1112087.84
711406.34,1112679.19
711377.84,1112676.81
711072.73,1112731.43
712888.38,1112427.0
710102.71,1117369.44
713263.84,1110546.73
714609.53,1113121.88
714291.21,1112632.11
725107.4,1112457.34
719826.21,1110594.5
719372.59,1110376.01
718383.99,1109942.97
724654.17,1112269.67
723395.53,1110743.4
717228.49,1120930.66
717478.93,1120639.29
717546.37,1120562.85
737212.79,1113415.03
739998.06,1113520.67
722083.17,1119568.45
724799.28,1119988.29
724871.58,1119995.39
725065.05,1119995.77
725100.63,1120005.68
707460.1,1119258.28
719951.65,1119551.61
723276.5,1119304.38
723902.9,1118610.61
724829.3,1116678.31
726648.57,1115330.48
726732.12,1115392.06
726566.73,1114063.71
725564.35,1118830.41
726121.81,1115580.04
726011.69,1115454.22
726550.45,1115316.98
725695.36,1115747.73
725069.45,1116490.2
727357.6,1115205.89
725738.44,1116043.4
709297.99,1119467.55
728431.8,1117112.77
729207.77,1117199.81
729513.21,1115874.14
727902.49,1115557.02
727715.4,1115567.65
725735.01,1116356.08
725484.24,1116890.38
735111.93,1117987.47
734503.03,1117764.75
716268.51,1115959.78
716243.45,1115959.45
716765.95,1116244.71
716452.51,1116004.44
722901.64,1112849.4
725006.76,1116826.96
722923.81,1113225.05
724904.98,1117045.04
717294.93,1116424.34
724137.99,1113510.78
723074.12,1112945.36
722799.6,1113293.35
723091.25,1113350.35
722755.18,1113256.27
722803.86,1113310.62
722498.42,1114234.32
722229.32,1113825.7
722255.73,1113722.96
722974.19,1114376.96
723652.62,1113925.34
723814.81,1114241.48
723164.17,1114404.7
723561.0,1113936.89
723771.11,1113868.55
723584.92,1113917.49
723815.12,1113908.71
723839.52,1113496.01
724046.05,1113688.6
723530.63,1114153.16
723601.49,1113906.38
724025.67,1113569.42
723956.43,1113381.85
724013.5,1113415.81
724087.17,1113447.99
724116.87,1113428.88
725473.71,1114323.14
724040.51,1113461.61
723823.45,1113292.37
724114.16,1113835.62
725640.99,1114895.4
724143.11,1115458.66
725604.83,1114301.35
723549.18,1115830.34
716577.78,1115919.81
723741.57,1117604.61
723572.09,1117586.12
724100.7,1117144.09
723555.29,1117375.23
723135.93,1117420.04
723776.08,1117334.06
719307.24,1115953.39
723636.92,1114282.24
723137.74,1117389.05
716408.32,1116029.63
716280.78,1115778.9
716636.63,1115700.64
716602.3,1115755.17
716963.88,1115295.73
716950.01,1115296.1
716857.12,1115186.59
719694.58,1116703.74
720091.4,1116724.51
717532.14,1116336.36
717401.62,1116461.0
717450.54,1116314.96
716782.22,1115183.83
717241.71,1116334.92
717379.84,1116431.29
717347.73,1116411.51
716960.64,1116398.49
717142.91,1115348.51
722453.42,1116051.51
724470.03,1116577.99
722103.63,1117318.37
722087.1,1115887.07
710644.99,1116943.73
726798.45,1114022.43
736673.94,1114081.54
736801.56,1113613.36
736613.01,1116808.16
736635.75,1113414.26
734806.11,1112754.11
736561.19,1113556.47
733592.44,1111356.4
733765.17,1111225.08
733701.17,1112472.08
735696.96,1117312.96
732860.98,1112789.01
733126.66,1113219.51
732155.29,1114967.59
732368.18,1114375.59
729524.77,1112512.18
732649.39,1114402.27
736644.37,1116967.68
736842.0,1113976.48
731216.46,1113649.91
731212.86,1113575.83
730753.31,1112973.03
730888.47,1113780.46
733358.8,1115166.73
727869.58,1115055.46
733514.3,1117006.54
730884.09,1114116.37
733748.32,1116446.13
729931.57,1114615.53
731723.93,1116191.96
712486.87,1113101.03
711044.1,1114435.47
709409.8,1114566.67
710816.43,1115718.82
711964.7,1113395.69
711716.79,1113020.64
711115.29,1112764.87
711524.72,1112683.2
727768.48,1115593.97
725903.8,1116026.28
706886.97,1114608.79
721381.12,1115076.7
721429.57,1115090.07
720628.64,1115134.27
719317.28,1114406.53
713806.58,1115028.76
727197.98,1115096.64
738524.28,1112329.79
739796.18,1112777.16
738516.42,1112400.57
739809.73,1113185.92
717459.09,1114067.08
718725.76,1114580.2
724444.4,1114522.48
730033.28,1113866.73
730475.61,1113359.59
730486.64,1113179.32
734465.93,1113525.0
723335.22,1113026.41
719269.75,1113537.07
723070.03,1112849.27
724988.74,1114062.43
725006.85,1114062.29
722349.25,1113948.41
723242.77,1113589.93
723133.56,1113593.62
722915.23,1113999.15
727157.16,1114007.62
722414.33,1113847.8
724145.07,1113383.03
724282.75,1113578.74
724126.88,1113378.68
724303.65,1113770.33
724333.61,1113772.42
724324.38,1113771.16
724277.13,1113763.8
726601.33,1113539.46
735008.78,1113225.99
730808.56,1113701.16
730800.88,1113589.6
724267.96,1112010.14
726379.4,1113514.72
730628.97,1113040.83
700685.51,1113139.77
736489.78,1112846.02
736660.28,1112879.13
710518.16,1112509.42
732578.13,1091703.98
734597.88,1091432.98
734668.98,1091412.08
738678.15,1107930.31
741766.25,1107109.69
733067.0,1106156.46
732914.7,1106174.24
732990.26,1106138.36
733086.82,1106169.62
733113.65,1106167.08
734898.91,1107072.49
732486.06,1106165.39
732309.95,1106093.11
740177.48,1096432.05
739771.13,1096032.24
740103.83,1095431.59
736366.53,1095642.0
731969.02,1090686.73
733422.75,1092034.71
734316.8,1093632.89
731883.81,1090722.92
730287.02,1092134.52
732008.99,1090665.86
737976.98,1093659.86
731755.5,1090837.6
736142.65,1093335.0
730309.55,1092252.32
735359.05,1096982.52
736436.37,1095858.18
736416.29,1095816.77
735384.98,1096923.89
735346.25,1097040.97
719722.75,1097863.85
724863.36,1097030.42
724965.98,1096741.24
730614.85,1094727.51
729557.54,1095828.33
729745.63,1095711.83
731597.58,1096283.93
730945.6,1096711.54
730106.68,1094725.96
730178.08,1094664.73
730787.96,1096732.37
729509.63,1097234.23
731716.58,1096524.36
730123.32,1094797.11
727743.27,1097201.7
723954.92,1103242.55
731481.06,1098828.03
725426.95,1102973.67
726917.56,1100756.12
726805.11,1100621.8
729498.86,1098126.71
730974.6,1112280.1
729697.06,1098657.18
719920.91,1099900.59
718994.63,1099671.74
718222.72,1099656.14
720066.89,1099850.22
719889.36,1099904.77
719873.35,1099874.31
719828.85,1099869.78
728822.38,1096144.16
721203.51,1097940.39
720205.13,1098856.76
728984.44,1096016.23
729395.83,1098809.74
729559.66,1098802.03
729946.18,1097979.96
728459.07,1098860.02
727634.28,1099377.65
727388.68,1099271.85
727789.44,1099275.45
720947.24,1102580.7
727080.81,1099097.24
720906.88,1102998.15
719230.91,1103245.57
726413.28,1099626.29
722576.48,1102995.43
740055.78,1105083.01
731888.44,1106196.28
731802.18,1106181.74
733146.56,1106170.44
736753.17,1106572.07
733184.89,1106162.11
736850.73,1106627.05
733238.44,1106147.44
731698.37,1090720.48
731811.1,1090705.89
731725.74,1090879.6
717626.9,1099427.81
726735.08,1099233.8
727698.72,1095744.07
728980.09,1098738.94
719840.3,1099508.1
729556.26,1110816.82
737077.98,1089496.14
722123.66,1101754.26
722232.18,1101590.67
723225.05,1101370.3
723844.39,1100948.73
723519.54,1101577.07
720937.47,1101481.47
720757.51,1101748.52
720876.37,1102942.96
720532.59,1103026.06
721046.95,1102846.65
721183.57,1102744.59
721075.16,1102732.12
720957.04,1102662.45
719490.41,1103798.58
719487.58,1103499.11
720095.15,1101501.34
720203.69,1101561.51
719547.16,1101400.74
719343.62,1102113.11
719538.33,1102113.94
721196.44,1102432.69
719256.74,1103394.34
719314.21,1103194.57
719136.76,1102007.59
719066.0,1101436.25
720453.32,1100895.4
720448.28,1100851.91
719101.24,1101048.15
720963.6,1098095.41
721138.46,1097978.92
721046.17,1097744.29
720956.48,1097522.48
721750.84,1097487.48
719785.63,1099053.17
719433.63,1099038.88
719065.55,1099326.52
719005.13,1099496.28
718843.37,1099782.87
720042.56,1099371.13
720833.78,1099584.47
720809.27,1099392.23
721031.44,1098675.16
720503.28,1098859.4
719900.61,1099979.62
720413.61,1099814.82
721220.66,1097793.44
717961.65,1099409.49
718231.1,1099631.3
721126.59,1100935.41
721572.29,1101049.86
720638.77,1100714.49
723503.92,1098321.97
723973.31,1098016.57
725228.6,1098200.36
725104.65,1098465.03
726246.22,1097901.23
726638.47,1097133.2
726875.62,1097183.25
726354.48,1097508.04
721568.87,1099640.41
722339.17,1099536.38
725856.13,1097847.33
725663.12,1097782.98
726340.97,1097723.41
728719.26,1096493.88
728567.91,1096099.06
728913.29,1096095.85
726547.02,1098804.85
726262.49,1099640.7
726599.65,1099775.17
726923.89,1099236.81
726931.63,1098937.63
727811.17,1099170.26
728372.31,1099168.01
728471.72,1098786.76
728285.35,1098689.89
729745.53,1098625.73
729888.14,1097964.96
729792.6,1098503.17
729604.7,1098294.56
727299.08,1098542.16
725211.77,1101712.82
731682.7,1106191.24
731973.42,1106204.21
720587.97,1101674.47
717065.73,1099251.93
715280.51,1090378.44
715672.48,1090018.12
715577.26,1090140.83
715411.66,1090277.43
715478.48,1090480.27
702843.67,1111214.46
700616.72,1111831.95
700759.49,1111737.58
701140.9,1111546.1
718539.78,1112077.46
734065.01,1112081.13
734010.0,1111971.21
734018.48,1111987.15
734165.79,1111936.67
734133.72,1111607.67
734134.58,1111569.0
698475.34,1111094.72
700682.62,1110147.87
698030.81,1111624.0
699167.98,1111382.38
701980.79,1110555.49
718978.72,1112020.09
719019.96,1111841.33
718939.6,1111799.17
719045.87,1111849.38
718900.64,1111826.47
718488.55,1111827.42
713231.38,1111406.21
701482.97,1111428.24
701676.26,1111285.7
720544.56,1108965.29
731335.29,1102571.97
720248.65,1109140.32
720557.72,1109110.03
718153.49,1103876.89
718061.53,1103287.95
728130.0,1100483.63
728141.64,1100465.38
728084.1,1100774.14
726607.35,1101900.82
726855.6,1105389.99
720668.04,1105425.66
720402.6,1106234.21
720153.08,1107397.18
720448.11,1106136.73
719332.21,1103930.93
723966.59,1105526.58
723954.12,1105558.89
721709.9,1103387.44
721696.71,1103267.66
719299.71,1103896.72
719875.37,1104134.89
719666.44,1104090.58
719133.39,1104749.24
718940.02,1104899.33
718363.83,1108291.75
717326.49,1108184.47
717314.92,1107890.52
727079.71,1109194.19
717683.16,1106099.82
730086.57,1105451.06
729893.68,1105460.32
724923.13,1105668.97
725145.07,1105560.35
718362.06,1103069.01
727608.0,1101236.91
729170.86,1099594.87
727843.14,1101145.82
726843.38,1104076.58
727346.05,1105329.23
720196.59,1107388.63
730572.77,1105393.1
732434.88,1101561.2
732479.24,1101587.73
717753.16,1108909.18
717775.93,1108771.03
716906.48,1108551.28
716713.37,1108758.63
715951.55,1108509.16
714155.99,1108675.21
717028.6,1107327.92
719228.02,1108005.4
718963.88,1107982.78
718663.05,1108044.02
718733.07,1108070.99
717465.83,1108061.13
717297.91,1107870.45
717292.23,1107516.88
717099.89,1107432.46
717099.86,1107412.84
720298.84,1108091.58
718607.13,1108034.97
717552.07,1107808.41
717288.65,1107433.22
718440.12,1106103.31
720097.83,1106167.57
720267.96,1106142.05
720527.58,1106295.49
719063.55,1103858.45
719249.83,1103857.85
719204.93,1103934.72
719109.62,1104018.64
719022.8,1104277.06
718688.69,1105077.52
718290.34,1105355.67
718358.94,1104086.81
720136.05,1107367.16
720204.89,1107318.64
720734.13,1105411.9
720626.86,1105214.12
719830.72,1104232.26
722152.69,1106088.23
721875.24,1104749.94
721972.55,1105671.15
721916.55,1105660.79
720119.35,1104547.93
720028.85,1104570.6
717965.64,1104041.61
718026.87,1104071.85
717720.23,1103768.43
717723.67,1103793.45
718842.67,1103347.01
719034.59,1103550.22
717151.78,1101252.6
717142.29,1101237.33
717507.19,1102402.63
717479.22,1102678.44
722619.41,1105855.4
722878.1,1105578.8
724411.84,1104429.47
723836.86,1104780.9
723968.35,1105620.28
722830.62,1104217.93
722987.87,1103852.98
721573.84,1103445.77
721733.17,1108803.99
722720.72,1109322.74
723040.47,1109482.49
722992.07,1109506.53
721063.97,1108094.94
724946.31,1107894.56
726307.08,1106689.39
726151.77,1106097.62
726121.53,1106187.72
725966.62,1105542.18
726097.52,1105478.83
726135.57,1105531.06
727826.98,1105717.74
727660.28,1105656.8
728139.79,1105269.27
728234.28,1107672.9
728722.75,1107945.95
729919.36,1106539.6
732340.32,1106451.08
730207.16,1109087.55
718481.77,1108937.18
717766.55,1109234.51
718107.95,1109171.3
718255.38,1109089.22
718348.87,1109042.22
718799.95,1108794.93
712765.15,1110110.37
713527.61,1109947.04
713616.64,1109741.66
712207.49,1109755.6
712125.15,1109638.67
711943.19,1109577.04
711933.52,1109543.8
711902.09,1109481.66
711954.02,1109414.48
712910.11,1109607.08
712928.73,1109610.51
698956.14,1107302.06
699008.61,1107388.03
711948.73,1109195.41
733321.36,1109228.85
733303.85,1109220.56
715509.75,1108617.92
714950.12,1108600.26
712286.29,1103581.95
713299.62,1102562.48
713339.28,1102642.08
714567.06,1102116.48
716793.26,1104479.08
709929.48,1104662.09
709991.38,1104685.12
710187.23,1104666.53
709919.08,1104626.3
710100.44,1104772.18
710481.47,1104593.63
709212.33,1105336.23
715646.13,1103660.61
714741.55,1106215.09
713195.83,1105786.58
713319.09,1105710.97
712947.21,1105921.19
712100.16,1106937.3
712048.74,1106917.08
711857.62,1106971.27
711009.88,1106830.57
717436.02,1104083.2
703150.94,1106950.78
715021.87,1108247.91
716621.86,1108309.39
716371.04,1108443.96
718006.37,1108228.94
718080.77,1108401.34
716824.37,1108023.86
738655.73,1107954.44
699373.78,1105545.2
698639.51,1106503.47
698662.16,1106460.21
700921.19,1106374.47
700661.4,1106314.42
700905.37,1105822.41
744203.5,1106886.42
699999.37,1107290.9
699887.81,1107306.42
699415.44,1107138.74
699132.0,1107229.38
699561.6,1107319.72
697063.53,1105858.1
706470.2,1084362.61
703825.16,1100587.9
706836.85,1096825.44
700203.54,1105579.29
708495.98,1091950.91
708203.56,1092493.8
707991.52,1091493.67
708929.2,1091731.05
707259.46,1092112.74
708258.43,1092867.91
705311.41,1091361.56
706100.92,1094875.81
709577.32,1085712.58
710688.67,1086825.56
710435.11,1086812.72
711003.75,1087008.0
710681.79,1086847.75
710680.95,1086979.32
710704.84,1086912.63
709308.76,1088502.05
710696.5,1086838.51
707959.94,1089779.27
710709.79,1086987.47
708610.82,1089623.15
707980.26,1089771.24
712280.94,1088794.47
708447.49,1090115.72
708628.07,1087049.99
706285.55,1090233.33
706278.72,1090263.23
708916.42,1089654.86
707291.03,1089296.28
707323.81,1089310.34
710476.9,1089820.83
711369.05,1091810.66
709546.72,1088368.63
710666.39,1091326.79
711262.66,1089327.54
710727.4,1090306.18
710168.27,1090553.32
710759.37,1090884.04
711904.06,1091265.03
710109.27,1091870.71
710134.03,1092214.45
710341.69,1092955.0
710186.01,1093145.4
703050.53,1104099.02
703003.2,1104095.56
703144.97,1104054.74
703227.18,1104054.9
703081.95,1104109.66
712280.1,1092537.18
712228.27,1092650.13
712330.47,1091991.38
701465.39,1103311.85
707111.06,1091549.94
707013.56,1091469.02
708268.73,1093237.72
710077.12,1086591.85
707962.26,1093449.18
707686.04,1093591.52
708353.61,1086329.87
708263.63,1086487.31
708761.22,1092286.28
707722.72,1093503.12
705230.31,1091406.88
700885.94,1103992.0
708993.4,1088474.26
708162.54,1085899.62
708232.55,1085403.86
707538.06,1093646.07
707990.66,1092847.98
707917.17,1092874.68
708133.13,1092894.5
707100.3,1089750.98
708433.05,1091947.68
707932.07,1091838.67
707028.42,1098489.43
708540.61,1091988.7
708317.36,1091863.44
707134.87,1093554.52
712110.89,1088478.85
711420.31,1092143.19
711153.14,1086553.24
708959.16,1088528.67
710251.06,1086353.96
710103.85,1086472.44
708931.05,1089130.3
708238.69,1090146.79
703096.2,1104102.26
710882.6,1090268.62
710240.19,1093101.14
703058.13,1104093.1
712583.63,1088960.74
701903.18,1103774.57
701936.35,1103787.02
701323.94,1106110.98
706403.6,1091271.43
703790.08,1102736.39
705803.41,1085332.93
705919.25,1085399.39
705789.74,1085563.3
702213.99,1104767.92
702691.87,1104682.24
702960.32,1104086.9
703191.7,1104015.5
703241.29,1104031.29
702408.92,1106372.84
702044.52,1106043.36
702178.27,1106048.53
703097.67,1104785.96
703668.31,1105673.56
702246.89,1104307.96
701519.73,1103246.42
701515.84,1103321.03
702016.17,1103658.21
704589.53,1088267.44
704497.36,1088270.24
704755.35,1086991.43
705210.09,1086172.4
703450.72,1090435.33
704600.33,1090657.41
705406.16,1090352.79
704112.13,1090517.42
704288.95,1090023.02
706059.88,1088381.6
706927.48,1090590.33
706910.38,1090510.59
707404.17,1090549.55
707071.88,1090293.43
707014.66,1090035.91
707788.56,1090490.51
707242.14,1090663.35
707175.22,1090854.26
706221.3,1091109.59
706833.15,1090394.0
706671.95,1090214.6
712694.34,1091768.31
710142.84,1097466.26
712661.01,1092069.47
712682.38,1092083.48
712017.43,1091777.66
711729.26,1091718.46
712315.73,1089329.02
712320.2,1089504.94
705265.68,1090167.27
737919.33,1106388.08
737887.57,1106374.4
719416.39,1106523.81
719019.07,1106406.27
719859.68,1105947.41
718918.77,1106775.98
718466.01,1106757.57
718993.31,1106379.8
719145.81,1106371.99
701133.81,1106544.72
703458.35,1106406.7
717615.02,1106131.96
740127.94,1106368.68
740286.8,1106552.17
738895.25,1106188.61
697426.53,1105950.37
715831.35,1097582.99
715320.39,1099703.35
715050.24,1097785.29
714340.98,1097334.56
716386.2,1099223.02
711982.71,1102647.72
714178.73,1099479.83
716841.35,1100119.92
710899.67,1102761.82
714304.46,1097202.67
713880.51,1097528.94
713941.61,1097396.55
713111.9,1098616.33
711916.99,1099440.16
710265.54,1100473.75
710202.63,1100462.3
712284.48,1101119.4
712529.5,1101043.39
712984.43,1100893.39
712891.15,1100902.8
712470.19,1098405.27
713013.61,1099740.4
713873.44,1098720.83
714167.88,1098328.69
714269.32,1097943.04
714251.05,1097978.67
714299.0,1097851.17
714478.51,1097126.75
714373.69,1097086.72
713758.21,1100199.44
713847.86,1100284.48
715650.09,1098179.12
716822.68,1097710.15
716525.01,1097838.79
714587.63,1096808.17
714684.97,1096642.99
706437.91,1105981.74
706905.83,1105662.13
707238.8,1105665.66
707722.41,1105471.53
708834.8,1104019.05
709451.29,1104408.43
709198.75,1103774.93
709511.82,1104122.22
713460.99,1102083.36
716310.1,1101025.89
716438.76,1100968.02
716116.19,1098817.36
716371.78,1099190.3
716304.67,1099445.58
715340.52,1099123.77
715232.33,1096657.66
715287.31,1096685.18
715366.45,1096464.6
711748.75,1104485.89
711705.27,1104514.82
711915.83,1104456.87
712255.76,1104375.89
731776.88,1106149.44
704826.44,1104491.49
704808.65,1104534.53
705128.96,1104793.07
705450.66,1104252.76
699147.06,1104896.15
698995.12,1103223.74
729259.36,1105591.59
729225.17,1105618.83
705710.56,1104418.81
705992.78,1104057.8
707601.56,1102827.76
707629.18,1102736.73
704508.54,1104419.71
700707.28,1104083.07
700720.84,1104025.93
699714.52,1104600.78
718198.86,1104438.81
717695.58,1105230.52
717787.64,1105204.6
718190.73,1104412.8
718122.63,1104474.53
710611.32,1104283.91
738840.34,1104096.04
707697.79,1105056.25
738864.32,1105127.48
706580.48,1104954.62
701686.62,1085643.25
702793.74,1103654.75
703502.45,1103003.9
703470.47,1103034.7
703816.51,1103000.74
702228.86,1103880.51
706900.25,1104100.26
708723.65,1104576.76
723798.01,1103846.26
723990.46,1103889.54
724172.7,1104349.14
710805.59,1101247.02
709278.5,1102831.53
709923.52,1103006.68
709875.88,1103128.08
710450.94,1100452.6
709451.97,1101631.74
709218.75,1101566.23
709266.48,1101087.5
708189.05,1102565.71
701246.84,1104163.89
714489.37,1102892.13
718479.57,1103911.76
718539.89,1103980.35
709689.35,1103760.7
709930.98,1103760.58
705572.48,1103853.91
710247.8,1103371.58
711957.7,1102780.99
709251.23,1101637.03
708984.59,1102252.94
725468.93,1101999.61
710303.45,1098009.78
710876.13,1098248.89
710454.76,1098515.8
705916.2,1101766.87
717206.54,1101544.78
717405.76,1101895.91
717754.81,1102041.12
717492.76,1101878.78
717322.18,1101864.37
712633.83,1102005.79
718639.97,1101375.58
728754.97,1100249.59
728121.73,1100733.07
728118.0,1100676.01
713978.47,1101638.14
703055.75,1097043.16
718841.86,1100774.43
712170.1,1100397.05
711242.74,1100265.44
711255.9,1100273.43
724831.01,1099613.94
713319.24,1095500.92
713020.51,1095780.56
712666.19,1097319.57
712723.17,1097278.21
708761.53,1098202.86
709113.39,1098030.32
712536.48,1098159.39
712568.46,1098085.3
712877.75,1097757.6
714084.61,1095270.02
714082.49,1095258.94
713955.07,1095475.02
713886.8,1095500.54
712974.51,1095850.49
713513.18,1096010.09
708885.14,1098458.08
707723.86,1099084.89
726814.87,1099305.81
716706.48,1095933.5
716745.41,1095914.8
716204.65,1093098.7
729785.18,1081752.75
729549.86,1081832.59
720285.31,1086539.7
718387.86,1095552.35
717831.11,1097194.43
717363.6,1098232.09
717804.88,1097146.48
719085.96,1096495.02
723210.99,1096774.83
722003.63,1092599.23
717468.1,1097834.07
717273.47,1097656.37
717249.87,1089638.41
728257.41,1092910.98
719915.48,1087975.97
718211.06,1088735.42
721891.14,1090274.14
723055.63,1092484.9
721575.57,1092642.44
721526.2,1092647.78
721608.58,1093128.21
720380.86,1092096.37
717062.52,1093960.32
734708.13,1084005.56
734649.93,1084008.29
731727.18,1087831.35
719122.26,1092588.37
718841.89,1092596.66
726356.16,1094676.62
734861.6,1086746.27
734700.88,1086844.11
734705.47,1086893.94
727950.42,1093130.65
734663.34,1086948.66
717351.56,1097705.13
717273.64,1097585.71
717345.86,1097470.45
717183.24,1098898.48
721659.79,1097128.48
723584.41,1096489.7
726213.47,1095655.65
725267.59,1095882.72
726191.5,1095487.94
727942.6,1093509.27
727951.56,1093676.1
728075.62,1093636.54
728487.06,1093103.63
728029.65,1093083.39
727784.12,1093120.24
727895.26,1093127.91
725964.33,1093175.04
725056.29,1093570.08
723577.8,1094524.81
723552.44,1094544.57
717267.25,1096262.78
717383.24,1095980.94
726834.37,1083199.39
731285.86,1080490.24
731487.91,1080158.16
731732.61,1079725.24
733465.22,1080546.52
734035.21,1080831.15
730259.58,1081237.85
728734.87,1082895.67
734263.56,1078909.68
729172.2,1080620.84
732997.53,1082488.6
733197.79,1079269.18
731637.04,1079809.26
726042.28,1083372.53
728494.25,1079921.4
726437.77,1074674.68
726486.3,1074683.98
731332.45,1083915.09
731031.41,1085221.18
730268.73,1085227.47
730172.0,1085254.52
730114.92,1085257.49
730335.6,1085061.93
728102.5,1085957.47
725562.24,1085457.13
727811.27,1085319.52
727922.38,1085237.83
730320.38,1085214.51
730313.81,1085213.37
728110.87,1084604.45
727873.55,1085361.94
731513.07,1085406.75
731646.71,1085269.29
732923.18,1084706.44
732549.05,1084419.6
732560.15,1084593.29
729703.04,1082850.78
729413.19,1082872.22
728278.71,1083359.2
727694.58,1083683.97
726867.75,1084790.67
727766.99,1085382.3
724920.87,1070306.55
719755.94,1092140.77
720169.62,1092334.83
720271.07,1092211.75
720564.9,1092502.62
721308.79,1093087.51
721140.39,1093599.48
720915.4,1092707.54
721547.99,1092435.93
722113.68,1092367.56
723379.36,1091629.44
723422.19,1091725.09
723553.51,1091739.48
723003.58,1092199.76
722955.45,1092223.6
724252.5,1091114.79
717408.81,1095826.02
717918.43,1094344.6
719113.22,1095045.39
716884.5,1094646.59
716921.07,1094580.81
717151.52,1093995.98
716976.1,1094430.54
716603.31,1093949.58
716086.43,1093241.82
716772.35,1093006.91
717874.09,1092580.89
719265.11,1091246.4
718197.98,1092166.86
717133.63,1093129.64
718825.67,1092137.41
718970.09,1092018.79
717796.61,1093142.21
718251.42,1092775.43
719255.29,1092207.47
722994.61,1090088.5
723946.41,1090575.25
720273.83,1092856.35
720251.15,1092797.57
721107.45,1092151.12
721459.91,1091918.71
723312.72,1088076.33
722475.33,1088015.11
722339.18,1088121.52
722213.78,1087357.48
722225.89,1087533.46
722603.74,1087102.07
724200.78,1086574.38
724137.66,1086411.99
724925.55,1086728.97
723935.78,1086739.53
720874.52,1089841.94
721096.24,1089643.03
720116.51,1090191.4
720677.04,1090388.38
719992.56,1090629.86
719720.7,1090516.5
721804.0,1089443.74
721663.69,1089605.52
721818.83,1089713.77
722360.49,1089585.39
722547.55,1089495.81
722623.06,1089528.35
716176.56,1092654.91
722780.6,1088335.58
721468.57,1088303.31
720977.98,1088495.12
720930.85,1088505.69
720706.89,1088342.99
720882.58,1087954.62
720308.87,1088065.79
720349.84,1088055.42
720727.41,1087849.69
719671.21,1087004.0
719590.03,1087047.45
719608.84,1087021.01
717736.04,1089041.04
718209.04,1089164.93
719838.66,1086937.2
721647.2,1087791.06
718286.56,1089080.81
718316.58,1088644.83
718437.7,1088549.96
716829.26,1089690.6
719322.08,1090028.45
717142.76,1089736.7
717157.33,1089684.79
716579.96,1089828.54
719475.66,1089480.64
719457.64,1089742.72
718380.69,1089855.78
717406.09,1089918.58
718827.56,1089061.91
718375.28,1089290.43
718177.33,1089553.66
718624.83,1089021.98
719301.42,1088527.07
717517.8,1091615.19
717548.75,1091576.66
716428.58,1092703.97
716673.28,1092508.5
718333.53,1088562.24
719126.03,1097843.32
712096.95,1098945.62
716907.83,1099055.94
716500.48,1098852.47
716578.41,1098321.05
717321.78,1098637.47
716995.3,1099032.38
716655.92,1098900.16
716507.99,1098919.58
720110.79,1098330.29
720305.19,1098288.3
720045.76,1098341.85
719812.31,1098422.81
702994.29,1092214.98
703014.8,1090803.09
702404.92,1091596.17
703309.54,1085237.07
703293.05,1085242.51
702929.02,1090257.43
701007.76,1088355.91
702704.73,1092183.86
702715.67,1092207.62
702724.26,1092247.11
702700.94,1092138.65
702541.01,1091699.7
702381.21,1091581.79
702602.37,1091117.07
702723.2,1091286.99
702802.82,1091332.57
703176.95,1090626.35
702866.02,1091447.08
702865.34,1091964.78
730819.9,1097238.86
730232.2,1097922.24
715689.42,1097844.05
723859.44,1097232.48
716539.58,1097611.23
716447.05,1097738.7
725183.05,1096878.85
725123.13,1097610.67
731054.65,1095672.81
730881.58,1095575.54
716235.45,1096796.25
715632.64,1095954.3
714798.07,1096579.71
714452.75,1096283.48
714833.15,1096598.63
715986.93,1095864.0
715761.47,1095652.48
714631.0,1096424.0
713967.89,1097216.38
713727.77,1097252.74
713594.23,1096566.75
715637.34,1095675.12
715956.65,1096256.93
716021.66,1096241.52
716452.73,1096021.13
716442.65,1095990.31
715457.02,1095927.51
715277.07,1096029.91
714628.63,1096240.71
715721.68,1095683.27
715950.61,1094987.85
711833.64,1094180.98
713356.11,1092973.57
715736.66,1091060.22
715103.45,1089493.64
715109.68,1089524.47
715633.71,1091120.46
712665.49,1093867.44
713346.15,1092489.93
713200.0,1093537.85
713203.38,1093555.87
712450.83,1093829.83
712497.35,1094052.12
713234.17,1092373.25
713762.72,1094639.84
713769.15,1094576.24
713042.96,1095388.18
716097.77,1094059.88
713074.23,1092668.84
712876.04,1095487.52
712907.57,1093852.99
713853.66,1092484.2
713311.38,1092146.92
715721.41,1091016.72
715354.61,1095697.61
713862.03,1091501.85
712231.78,1093405.1
712179.04,1093439.45
712039.62,1093483.11
712083.27,1093478.36
712202.71,1093098.37
711915.47,1093471.86
711722.34,1093673.2
711818.55,1093727.95
711720.55,1093792.65
711654.58,1093819.93
712838.87,1092686.46
712300.59,1093321.25
712416.75,1093204.48
712473.45,1093158.29
714658.14,1091540.56
714510.33,1091697.03
714389.42,1091737.25
714418.13,1091804.1
714359.04,1091814.31
714353.85,1091831.62
714278.99,1091862.72
714306.06,1091900.86
714157.61,1091947.44
714217.73,1091949.89
714266.32,1091964.43
713952.19,1092059.82
713877.93,1092160.18
713800.12,1092335.62
713867.17,1092312.78
714325.63,1092140.67
713243.74,1093122.25
712661.8,1093593.45
712598.32,1093632.4
712601.74,1093686.83
712511.29,1093661.47
712759.24,1093516.21
712759.27,1093532.74
712779.15,1093785.52
712642.96,1093893.45
711631.38,1094795.51
711573.68,1094719.95
713859.8,1093948.92
713527.62,1094121.31
713160.75,1094270.94
713304.7,1094229.74
713329.52,1094213.53
713879.91,1093885.98
713910.8,1093856.29
713136.16,1094076.34
713044.12,1094058.1
712974.78,1094165.59
713073.34,1094314.92
713228.71,1093441.88
714201.51,1093681.08
714224.5,1093487.52
714625.76,1093714.45
714456.24,1093700.45
713984.36,1094407.64
715195.08,1093911.28
714154.88,1094755.63
714008.64,1095081.89
713831.86,1095562.76
713298.79,1095155.9
712912.81,1095307.13
712725.77,1095357.78
710372.58,1096808.26
711139.39,1096381.21
711166.78,1096416.81
715699.26,1093415.43
715987.31,1093121.75
715978.0,1092898.88
715909.82,1092869.06
714876.87,1089614.95
715687.04,1094742.44
715776.94,1094616.07
715518.09,1094560.47
715450.0,1094574.45
716237.49,1094594.59
716251.15,1094438.01
716187.59,1094315.51
716187.04,1094282.86
716205.0,1094160.7
716139.59,1094030.2
715662.84,1092369.72
715508.48,1092095.62
715237.48,1091914.81
715445.26,1091279.92
715951.57,1090624.66
715991.6,1090534.18
715200.71,1090527.73
715216.84,1090572.77
715166.9,1090669.83
715609.06,1090663.57
715886.93,1090422.93
715976.36,1093119.47
716037.75,1092939.51
716057.26,1092979.45
716035.02,1093031.32
712744.75,1095641.82
715219.71,1091392.54
715256.12,1091357.35
715459.55,1091275.57
713386.52,1092717.08
713362.15,1092452.66
712869.83,1092639.28
712876.36,1092500.9
712727.0,1092361.28
714162.76,1090648.28
712992.72,1093277.88
713626.9,1092881.11
713649.21,1092817.07
714027.27,1093260.69
713131.04,1092722.55
713078.87,1092790.77
713018.1,1092819.39
712967.26,1093882.86
712996.18,1093785.0
713012.08,1093721.61
714765.83,1093771.69
713809.77,1094438.7
713916.76,1094678.85
716530.27,1094279.69
716417.67,1094253.65
716166.01,1094809.89
716203.72,1094741.53
715982.83,1094808.81
716002.73,1094782.38
713655.08,1096128.18
711942.34,1093757.43
711982.36,1093665.84
714841.28,1089885.78
714796.24,1089895.47
714734.61,1089928.3
714848.69,1089931.18
714927.77,1089916.16
715043.71,1089975.47
714297.92,1090553.69
714115.1,1090420.04
714164.9,1090441.53
714091.0,1090392.82
714983.5,1089391.0
715053.48,1089424.7
715062.37,1089485.8
715180.27,1089699.7
714131.52,1091191.46
714109.72,1091166.99
714013.55,1091104.48
714020.46,1091048.1
714193.75,1091617.74
714164.74,1091513.58
713439.23,1092707.44
716718.61,1096320.57
716882.37,1096263.9
718563.87,1095745.98
711640.31,1096092.1
711778.6,1096036.56
711904.34,1095974.38
717505.42,1096075.78
706345.05,1095920.09
707075.29,1094351.46
706455.42,1095888.19
705235.38,1094982.46
705337.53,1094272.96
731836.47,1094989.62
710159.31,1094791.45
710751.9,1094580.04
713934.74,1094264.64
715492.25,1093733.93
715471.93,1093645.3
715549.65,1094046.24
711328.76,1093566.04
711900.87,1093278.26
701527.44,1090865.63
702325.39,1092407.59
702418.71,1092392.62
702495.64,1092366.5
701356.63,1091839.19
701540.0,1091812.58
712414.7,1093459.83
713151.88,1093104.26
717337.94,1092530.14
718913.05,1090624.77
720797.83,1091218.05
721190.62,1091136.85
723439.41,1090368.37
723524.88,1090367.32
723036.02,1091225.52
719794.73,1092637.12
722493.54,1091397.15
720960.38,1091434.44
722403.59,1092451.17
707684.51,1092506.97
698080.35,1091545.56
699701.64,1091834.73
712756.06,1092085.02
714156.31,1088526.87
714156.48,1088595.58
712050.5,1090766.77
715652.49,1089885.66
715557.15,1089966.32
715826.83,1089724.06
713331.59,1089534.88
713901.14,1089643.17
714306.12,1089216.76
712106.71,1090580.81
712530.96,1089121.19
713831.52,1089623.16
713124.54,1091173.42
712701.76,1091813.71
712552.2,1091875.89
712529.63,1091895.34
712863.46,1091830.22
712773.04,1091886.27
712721.02,1091896.79
714278.6,1089222.59
714135.64,1089338.14
712805.68,1091759.5
713358.08,1091571.93
713342.76,1091566.31
713029.23,1091905.22
713409.18,1091360.43
713382.47,1091073.26
713651.99,1090872.26
712526.23,1089153.33
712839.02,1089143.98
712583.58,1089026.41
713110.47,1088874.52
712662.55,1089493.64
713225.35,1089315.51
713314.16,1089551.9
713272.71,1089639.57
713341.03,1089830.87
715502.02,1088628.69
704752.89,1091825.94
706210.06,1090357.4
706142.44,1090186.2
706704.08,1089054.16
706726.9,1089051.56
706604.15,1089528.03
707203.24,1088302.22
705875.17,1090617.9
706066.5,1090008.78
706493.36,1091015.92
706802.29,1088520.84
707785.0,1088600.36
707153.23,1088768.16
707057.19,1088167.56
706293.29,1089049.1
706783.56,1090696.7
706563.61,1090569.8
706659.53,1091250.53
722772.12,1091281.45
714029.23,1090673.13
702608.47,1090342.64
702645.6,1090441.42
711810.79,1086404.14
711937.83,1085455.19
710907.52,1087635.87
710886.15,1087628.27
710921.19,1088986.45
710887.57,1089234.63
712361.55,1086966.39
710270.05,1086492.06
709861.64,1088029.7
710238.94,1086493.07
711631.87,1088359.31
715393.21,1090429.99
715444.85,1090415.91
715614.73,1090257.6
715792.19,1090117.04
715896.43,1090114.34
716245.61,1089690.47
715932.04,1090028.25
715542.8,1090177.53
715493.23,1090211.53
714972.72,1090108.91
715312.29,1090198.3
715258.56,1090192.45
715178.07,1090002.33
722030.34,1089620.22
717055.96,1089759.42
721122.42,1089668.63
739651.32,1088257.54
715500.02,1089169.46
719865.54,1089230.73
713510.81,1088711.8
713371.04,1088911.86
713275.66,1088744.94
711235.67,1088520.34
712245.92,1088695.67
706819.69,1088369.75
706123.25,1088373.79
711008.42,1088406.11
715765.2,1086091.62
716602.09,1087591.37
717434.53,1085119.31
714915.41,1086290.07
728193.74,1086609.97
691892.47,1087071.0
712341.08,1086994.83
708750.83,1074766.09
700100.12,1081583.15
704690.86,1078309.75
704699.41,1078322.87
706287.76,1078602.2
694972.83,1085105.93
703865.06,1078876.76
704114.38,1078304.93
708914.11,1078559.92
705081.05,1078061.46
704436.61,1078804.7
704232.14,1080204.01
708910.29,1074431.39
705466.27,1080637.9
705101.4,1077981.14
706313.49,1080273.5
706984.08,1079725.28
707005.42,1079247.52
707161.74,1078568.07
706510.45,1079849.86
706442.69,1080446.01
703652.44,1081364.24
704343.3,1080698.01
703445.02,1080357.24
704398.41,1078796.1
704338.23,1078764.8
704566.75,1078257.95
704642.4,1078086.58
705270.47,1077668.16
705265.54,1077512.71
701436.49,1079840.73
700625.96,1083007.78
712741.44,1086858.54
723315.69,1086944.86
715638.97,1086307.43
715619.81,1086272.28
715625.85,1086284.89
709858.83,1086251.01
709756.53,1086177.74
710636.99,1084936.68
731053.51,1085178.04
730442.41,1085178.77
726419.64,1085032.47
726378.33,1085050.49
726318.91,1085145.48
725873.38,1085081.18
728594.99,1084750.17
709474.08,1082185.95
715121.64,1082591.68
701277.38,1080594.31
701785.2,1079743.68
703518.15,1080243.97
703476.42,1080234.63
733603.67,1078603.47
708694.41,1074874.12
713603.24,1069882.63
708767.61,1075106.05
709542.44,1073438.29
708140.05,1075178.64
706420.91,1078182.54
706780.54,1077732.88
704836.34,1077924.2
705011.3,1077298.34
706756.49,1076023.07
707977.73,1075127.34
718061.19,1067048.57
718001.11,1067019.23
717861.76,1066911.03
717949.64,1066945.6
725239.95,1071275.4
725859.94,1069313.2
725867.82,1069280.05
721931.24,1062513.43
721823.73,1062549.86
721885.05,1062523.86
720663.32,1063197.99
718682.8,1066479.52
722169.67,1062797.42
720465.44,1063267.37
721259.48,1062744.05
720305.43,1063790.95
720678.62,1063191.82
717338.85,1065947.19
720352.83,1063221.56
718484.04,1066289.49
718546.23,1066206.26
718584.53,1066225.43
718891.36,1066150.54
719042.03,1066514.82
718551.47,1063413.22
720537.18,1063347.53
721668.96,1056125.79
727922.57,1053588.34
722397.54,1049057.2
715028.22,1059464.95
714935.12,1059574.96
715058.59,1059270.64
746503.78,1027759.74
763095.39,1049410.72
724039.58,1061571.99
723986.73,1061795.82
716794.43,1055355.52
718415.58,1055567.07
717381.77,1055056.52
717394.42,1055072.03
716817.1,1054931.48
717106.27,1054533.0
717488.01,1051587.3
726122.86,1053505.36
746586.2,1027275.86
702317.62,1091534.07
717101.44,1122185.88
713142.13,1110548.28
722425.78,1103053.62
722682.67,1103138.83
728620.94,1117171.88
728736.43,1117261.0
729032.46,1117195.73
729073.36,1117199.36
729362.58,1117249.85
729765.74,1117322.12
730993.08,1095790.46
733266.25,1113269.09
729343.42,1098096.3
730172.51,1095979.63
733127.5,1113223.53